﻿<?xml version="1.0" encoding="utf-8"?>
<ArrayOfDockingParams xmlns:xsi="http://www.w3.org/2001/XMLSchema-instance" xmlns:xsd="http://www.w3.org/2001/XMLSchema">
  <DockingParams>
    <PreviousFloatingWindowRect />
    <FloatWindowState>Normal</FloatWindowState>
    <ZorderInFloatMode>0</ZorderInFloatMode>
    <TabOrderIndex>-1</TabOrderIndex>
    <PreviousContainerDesiredSize>
      <Width>0</Width>
      <Height>0</Height>
    </PreviousContainerDesiredSize>
    <PreviousDesiredWidthInDockedMode>0</PreviousDesiredWidthInDockedMode>
    <PreviousDesiredHeightInDockedMode>0</PreviousDesiredHeightInDockedMode>
    <Name>LogDockItem</Name>
    <ShowTopmostMenuItem>false</ShowTopmostMenuItem>
    <TopMost>false</TopMost>
    <State>Hidden</State>
    <NoHeader>false</NoHeader>
    <SideDocked>Bottom</SideDocked>
    <SideFloating>Left</SideFloating>
    <TargetDocked />
    <TargetFloating />
    <DesiredWidthInDockedMode>90</DesiredWidthInDockedMode>
    <DesiredHeightInDockedMode>140</DesiredHeightInDockedMode>
    <DesiredWidthInFloatingMode>90</DesiredWidthInFloatingMode>
    <DesiredHeightInFloatingMode>90</DesiredHeightInFloatingMode>
    <NoDock>false</NoDock>
    <CanDock>true</CanDock>
    <CanClose>true</CanClose>
    <IsSelectedTab>false</IsSelectedTab>
    <IsActiveWindow>false</IsActiveWindow>
    <CanSerialize>true</CanSerialize>
    <WindowRect />
    <TabGroupName />
    <IsTabGroupOwner>false</IsTabGroupOwner>
    <SideTabOrder>0</SideTabOrder>
    <IndexInDockMode>3</IndexInDockMode>
    <IndexInFloatMode>3</IndexInFloatMode>
    <TabOrderInDockMode>0</TabOrderInDockMode>
    <TabOrderInFloatMode>0</TabOrderInFloatMode>
    <MDIBounds>0,0,124,50</MDIBounds>
    <TDIIndex>-1</TDIIndex>
    <IsSelected>false</IsSelected>
    <MDIMinimizedBounds>0,0,124,24</MDIMinimizedBounds>
    <MDIWindowState>Normal</MDIWindowState>
    <AllowMDIResize>true</AllowMDIResize>
    <TDIGroupOrientation>Horizontal</TDIGroupOrientation>
    <WayOfTDIGroup />
    <DockForSide>Left</DockForSide>
    <PreviousIndexInDockMode>0</PreviousIndexInDockMode>
    <PreviousSideInDockMode>Left</PreviousSideInDockMode>
    <DoShift>false</DoShift>
    <SideRelativetoContainer>Left</SideRelativetoContainer>
    <TabParent />
    <DockWindowState>Normal</DockWindowState>
    <CanMaximize>true</CanMaximize>
    <CanMinimize>true</CanMinimize>
    <CanResizeInDockedState>true</CanResizeInDockedState>
    <CanResizeHeightInDockedState>true</CanResizeHeightInDockedState>
    <CanResizeWidthInDockedState>true</CanResizeWidthInDockedState>
    <CanResizeInFloatState>true</CanResizeInFloatState>
    <CanResizeHeightInFloatState>true</CanResizeHeightInFloatState>
    <CanResizeWidthInFloatState>true</CanResizeWidthInFloatState>
    <CanFloatMaximize>false</CanFloatMaximize>
    <CanMinimizeFloat>false</CanMinimizeFloat>
    <IsFixedSize>false</IsFixedSize>
    <IsFixedHeight>false</IsFixedHeight>
    <IsFixedWidth>false</IsFixedWidth>
    <FixedHeight>0</FixedHeight>
    <FixedWidth>0</FixedWidth>
    <ContainerSize>
      <Width>0</Width>
      <Height>0</Height>
    </ContainerSize>
    <PreviousHostWidth>90</PreviousHostWidth>
    <PreviousHostHeight>90</PreviousHostHeight>
    <PreviousContainerHeight>90</PreviousContainerHeight>
    <PreviousContainerWidth>90</PreviousContainerWidth>
    <TargetAutoHide />
    <SplitPanelOffset>0</SplitPanelOffset>
    <IsSwapped>false</IsSwapped>
    <IsPinned>false</IsPinned>
    <ShowPin>false</ShowPin>
    <AllowPin>false</AllowPin>
  </DockingParams>
  <DockingParams>
    <PreviousFloatingWindowRect />
    <FloatWindowState>Normal</FloatWindowState>
    <ZorderInFloatMode>0</ZorderInFloatMode>
    <TabOrderIndex>-1</TabOrderIndex>
    <PreviousContainerDesiredSize>
      <Width>0</Width>
      <Height>952</Height>
    </PreviousContainerDesiredSize>
    <PreviousDesiredWidthInDockedMode>420</PreviousDesiredWidthInDockedMode>
    <PreviousDesiredHeightInDockedMode>952</PreviousDesiredHeightInDockedMode>
    <Name>MeasurementsDockItem</Name>
    <ShowTopmostMenuItem>false</ShowTopmostMenuItem>
    <TopMost>false</TopMost>
    <State>Dock</State>
    <NoHeader>false</NoHeader>
    <SideDocked>Left</SideDocked>
    <SideFloating>Left</SideFloating>
    <TargetDocked />
    <TargetFloating />
    <DesiredWidthInDockedMode>420</DesiredWidthInDockedMode>
    <DesiredHeightInDockedMode>952</DesiredHeightInDockedMode>
    <DesiredWidthInFloatingMode>90</DesiredWidthInFloatingMode>
    <DesiredHeightInFloatingMode>90</DesiredHeightInFloatingMode>
    <NoDock>false</NoDock>
    <CanDock>true</CanDock>
    <CanClose>false</CanClose>
    <IsSelectedTab>false</IsSelectedTab>
    <IsActiveWindow>false</IsActiveWindow>
    <CanSerialize>true</CanSerialize>
    <WindowRect />
    <TabGroupName />
    <IsTabGroupOwner>false</IsTabGroupOwner>
    <SideTabOrder>0</SideTabOrder>
    <IndexInDockMode>3</IndexInDockMode>
    <IndexInFloatMode>3</IndexInFloatMode>
    <TabOrderInDockMode>0</TabOrderInDockMode>
    <TabOrderInFloatMode>0</TabOrderInFloatMode>
    <MDIBounds>0,0,124,50</MDIBounds>
    <TDIIndex>-1</TDIIndex>
    <IsSelected>false</IsSelected>
    <MDIMinimizedBounds>0,0,124,24</MDIMinimizedBounds>
    <MDIWindowState>Normal</MDIWindowState>
    <AllowMDIResize>true</AllowMDIResize>
    <TDIGroupOrientation>Horizontal</TDIGroupOrientation>
    <WayOfTDIGroup />
    <DockForSide>Left</DockForSide>
    <PreviousIndexInDockMode>0</PreviousIndexInDockMode>
    <PreviousSideInDockMode>Left</PreviousSideInDockMode>
    <DoShift>false</DoShift>
    <SideRelativetoContainer>Left</SideRelativetoContainer>
    <TabParent />
    <DockWindowState>Normal</DockWindowState>
    <CanMaximize>true</CanMaximize>
    <CanMinimize>true</CanMinimize>
    <CanResizeInDockedState>true</CanResizeInDockedState>
    <CanResizeHeightInDockedState>true</CanResizeHeightInDockedState>
    <CanResizeWidthInDockedState>true</CanResizeWidthInDockedState>
    <CanResizeInFloatState>true</CanResizeInFloatState>
    <CanResizeHeightInFloatState>true</CanResizeHeightInFloatState>
    <CanResizeWidthInFloatState>true</CanResizeWidthInFloatState>
    <CanFloatMaximize>false</CanFloatMaximize>
    <CanMinimizeFloat>false</CanMinimizeFloat>
    <IsFixedSize>false</IsFixedSize>
    <IsFixedHeight>false</IsFixedHeight>
    <IsFixedWidth>false</IsFixedWidth>
    <FixedHeight>0</FixedHeight>
    <FixedWidth>0</FixedWidth>
    <ContainerSize>
      <Width>1908</Width>
      <Height>952</Height>
    </ContainerSize>
    <PreviousHostWidth>90</PreviousHostWidth>
    <PreviousHostHeight>90</PreviousHostHeight>
    <PreviousContainerHeight>90</PreviousContainerHeight>
    <PreviousContainerWidth>90</PreviousContainerWidth>
    <TargetAutoHide />
    <SplitPanelOffset>0</SplitPanelOffset>
    <IsSwapped>false</IsSwapped>
    <IsPinned>false</IsPinned>
    <ShowPin>false</ShowPin>
    <AllowPin>false</AllowPin>
  </DockingParams>
  <DockingParams>
    <PreviousFloatingWindowRect />
    <FloatWindowState>Normal</FloatWindowState>
    <ZorderInFloatMode>0</ZorderInFloatMode>
    <TabOrderIndex>0</TabOrderIndex>
    <PreviousContainerDesiredSize>
      <Width>0</Width>
      <Height>0</Height>
    </PreviousContainerDesiredSize>
    <PreviousDesiredWidthInDockedMode>0</PreviousDesiredWidthInDockedMode>
    <PreviousDesiredHeightInDockedMode>0</PreviousDesiredHeightInDockedMode>
    <Name>HomeTab</Name>
    <ShowTopmostMenuItem>false</ShowTopmostMenuItem>
    <TopMost>false</TopMost>
    <State>Document</State>
    <NoHeader>false</NoHeader>
    <SideDocked>Left</SideDocked>
    <SideFloating>Left</SideFloating>
    <TargetDocked />
    <TargetFloating />
    <DesiredWidthInDockedMode>600</DesiredWidthInDockedMode>
    <DesiredHeightInDockedMode>90</DesiredHeightInDockedMode>
    <DesiredWidthInFloatingMode>90</DesiredWidthInFloatingMode>
    <DesiredHeightInFloatingMode>90</DesiredHeightInFloatingMode>
    <NoDock>false</NoDock>
    <CanDock>false</CanDock>
    <CanClose>false</CanClose>
    <IsSelectedTab>false</IsSelectedTab>
    <IsActiveWindow>false</IsActiveWindow>
    <CanSerialize>true</CanSerialize>
    <WindowRect />
    <TabGroupName />
    <IsTabGroupOwner>false</IsTabGroupOwner>
    <SideTabOrder>0</SideTabOrder>
    <IndexInDockMode>3</IndexInDockMode>
    <IndexInFloatMode>3</IndexInFloatMode>
    <TabOrderInDockMode>0</TabOrderInDockMode>
    <TabOrderInFloatMode>0</TabOrderInFloatMode>
    <MDIBounds>0,0,124,50</MDIBounds>
    <TDIIndex>0</TDIIndex>
    <IsSelected>false</IsSelected>
    <MDIMinimizedBounds>0,0,124,24</MDIMinimizedBounds>
    <MDIWindowState>Normal</MDIWindowState>
    <AllowMDIResize>true</AllowMDIResize>
    <TDIGroupOrientation>Horizontal</TDIGroupOrientation>
    <WayOfTDIGroup />
    <DockForSide>Left</DockForSide>
    <PreviousIndexInDockMode>0</PreviousIndexInDockMode>
    <PreviousSideInDockMode>Left</PreviousSideInDockMode>
    <DoShift>false</DoShift>
    <SideRelativetoContainer>Left</SideRelativetoContainer>
    <TabParent />
    <DockWindowState>Normal</DockWindowState>
    <CanMaximize>true</CanMaximize>
    <CanMinimize>true</CanMinimize>
    <CanResizeInDockedState>true</CanResizeInDockedState>
    <CanResizeHeightInDockedState>true</CanResizeHeightInDockedState>
    <CanResizeWidthInDockedState>true</CanResizeWidthInDockedState>
    <CanResizeInFloatState>true</CanResizeInFloatState>
    <CanResizeHeightInFloatState>true</CanResizeHeightInFloatState>
    <CanResizeWidthInFloatState>true</CanResizeWidthInFloatState>
    <CanFloatMaximize>false</CanFloatMaximize>
    <CanMinimizeFloat>false</CanMinimizeFloat>
    <IsFixedSize>false</IsFixedSize>
    <IsFixedHeight>false</IsFixedHeight>
    <IsFixedWidth>false</IsFixedWidth>
    <FixedHeight>0</FixedHeight>
    <FixedWidth>0</FixedWidth>
    <ContainerSize>
      <Width>0</Width>
      <Height>0</Height>
    </ContainerSize>
    <PreviousHostWidth>90</PreviousHostWidth>
    <PreviousHostHeight>90</PreviousHostHeight>
    <PreviousContainerHeight>90</PreviousContainerHeight>
    <PreviousContainerWidth>90</PreviousContainerWidth>
    <TargetAutoHide />
    <SplitPanelOffset>0</SplitPanelOffset>
    <IsSwapped>false</IsSwapped>
    <IsPinned>false</IsPinned>
    <ShowPin>false</ShowPin>
    <AllowPin>false</AllowPin>
  </DockingParams>
  <DockingParams>
    <PreviousFloatingWindowRect />
    <FloatWindowState>Normal</FloatWindowState>
    <ZorderInFloatMode>0</ZorderInFloatMode>
    <TabOrderIndex>1</TabOrderIndex>
    <PreviousContainerDesiredSize>
      <Width>0</Width>
      <Height>0</Height>
    </PreviousContainerDesiredSize>
    <PreviousDesiredWidthInDockedMode>0</PreviousDesiredWidthInDockedMode>
    <PreviousDesiredHeightInDockedMode>0</PreviousDesiredHeightInDockedMode>
    <Name>m2c971bf349624efe835c9252838dc6b7</Name>
    <ShowTopmostMenuItem>false</ShowTopmostMenuItem>
    <TopMost>false</TopMost>
    <State>Document</State>
    <NoHeader>false</NoHeader>
    <SideDocked>Left</SideDocked>
    <SideFloating>Left</SideFloating>
    <TargetDocked />
    <TargetFloating />
    <DesiredWidthInDockedMode>90</DesiredWidthInDockedMode>
    <DesiredHeightInDockedMode>90</DesiredHeightInDockedMode>
    <DesiredWidthInFloatingMode>90</DesiredWidthInFloatingMode>
    <DesiredHeightInFloatingMode>90</DesiredHeightInFloatingMode>
    <NoDock>false</NoDock>
    <CanDock>false</CanDock>
    <CanClose>true</CanClose>
    <IsSelectedTab>false</IsSelectedTab>
    <IsActiveWindow>true</IsActiveWindow>
    <CanSerialize>true</CanSerialize>
    <WindowRect />
    <TabGroupName />
    <IsTabGroupOwner>false</IsTabGroupOwner>
    <SideTabOrder>0</SideTabOrder>
    <IndexInDockMode>0</IndexInDockMode>
    <IndexInFloatMode>0</IndexInFloatMode>
    <TabOrderInDockMode>0</TabOrderInDockMode>
    <TabOrderInFloatMode>0</TabOrderInFloatMode>
    <MDIBounds>0,0,100,50</MDIBounds>
    <TDIIndex>1</TDIIndex>
    <IsSelected>true</IsSelected>
    <MDIMinimizedBounds>0,0,124,24</MDIMinimizedBounds>
    <MDIWindowState>Normal</MDIWindowState>
    <AllowMDIResize>true</AllowMDIResize>
    <TDIGroupOrientation>Horizontal</TDIGroupOrientation>
    <WayOfTDIGroup />
    <DockForSide>Left</DockForSide>
    <PreviousIndexInDockMode>0</PreviousIndexInDockMode>
    <PreviousSideInDockMode>Left</PreviousSideInDockMode>
    <DoShift>false</DoShift>
    <SideRelativetoContainer>Left</SideRelativetoContainer>
    <TabParent />
    <DockWindowState>Normal</DockWindowState>
    <CanMaximize>true</CanMaximize>
    <CanMinimize>true</CanMinimize>
    <CanResizeInDockedState>true</CanResizeInDockedState>
    <CanResizeHeightInDockedState>true</CanResizeHeightInDockedState>
    <CanResizeWidthInDockedState>true</CanResizeWidthInDockedState>
    <CanResizeInFloatState>true</CanResizeInFloatState>
    <CanResizeHeightInFloatState>true</CanResizeHeightInFloatState>
    <CanResizeWidthInFloatState>true</CanResizeWidthInFloatState>
    <CanFloatMaximize>true</CanFloatMaximize>
    <CanMinimizeFloat>false</CanMinimizeFloat>
    <IsFixedSize>false</IsFixedSize>
    <IsFixedHeight>false</IsFixedHeight>
    <IsFixedWidth>false</IsFixedWidth>
    <FixedHeight>0</FixedHeight>
    <FixedWidth>0</FixedWidth>
    <ContainerSize>
      <Width>0</Width>
      <Height>0</Height>
    </ContainerSize>
    <PreviousHostWidth>90</PreviousHostWidth>
    <PreviousHostHeight>90</PreviousHostHeight>
    <PreviousContainerHeight>90</PreviousContainerHeight>
    <PreviousContainerWidth>90</PreviousContainerWidth>
    <TargetAutoHide />
    <SplitPanelOffset>0</SplitPanelOffset>
    <IsSwapped>false</IsSwapped>
    <IsPinned>false</IsPinned>
    <ShowPin>false</ShowPin>
    <AllowPin>false</AllowPin>
  </DockingParams>
</ArrayOfDockingParams>